-- phpMyAdmin SQL Dump
-- version 5.0.2
-- https://www.phpmyadmin.net/
--
-- Host: 127.0.0.1
-- Generation Time: Dec 06, 2022 at 04:39 PM
-- Server version: 10.4.11-MariaDB
-- PHP Version: 7.4.4

SET SQL_MODE = "NO_AUTO_VALUE_ON_ZERO";
START TRANSACTION;
SET time_zone = "+00:00";


/*!40101 SET @OLD_CHARACTER_SET_CLIENT=@@CHARACTER_SET_CLIENT */;
/*!40101 SET @OLD_CHARACTER_SET_RESULTS=@@CHARACTER_SET_RESULTS */;
/*!40101 SET @OLD_COLLATION_CONNECTION=@@COLLATION_CONNECTION */;
/*!40101 SET NAMES utf8mb4 */;

--
-- Database: `tugas_akhir`
--

-- --------------------------------------------------------

--
-- Table structure for table `table_artikel`
--

CREATE TABLE `table_artikel` (
  `id` int(11) NOT NULL,
  `id_kategori` int(11) NOT NULL,
  `judul` varchar(255) NOT NULL,
  `deskripsi` text NOT NULL,
  `gambar` varchar(200) DEFAULT NULL,
  `tanggal` date NOT NULL
) ENGINE=InnoDB DEFAULT CHARSET=latin1;

--
-- Dumping data for table `table_artikel`
--

INSERT INTO `table_artikel` (`id`, `id_kategori`, `judul`, `deskripsi`, `gambar`, `tanggal`) VALUES
(21, 3, 'Sukses Rebut Gelar, Nova Tetap Evaluasi Tim Ganda Campuran', '<div>Jakarta Pelatih ganda campuran Indonesia Nova Widianto membeberkan evaluasi tiga pasangan didikannya usai penyelenggaraan Hylo Open 2022. Ia lebih banyak menyoroti persoalan nonteknis.</div><div><br></div><div>Indonesia tercatat menurunkan tiga wakil ganda campuran di turnamen BWF World Tour 300 Hylo Open di Jerman. Mereka ialah Rinov Rivaldy/Phita Haningtyas Mentari, Zachariah Josiahno Sumanti/Hediana Julimarbela, dan Rehan Naufal Kusharjanto/Lisa Ayu Kusumawati.</div><div><br></div><div>Dari ketiganya Rehan/Lisa sukses merebut gelar juara. Mereka mengalahkan ganda campuran China, Feng Yanzhe/Huang Dong Ping dua gim langsung 21-17, 21-15.</div><div><br></div><div>Sementara Rinov/Mentari dan Zacha/Bela masing-masing terhenti di perempatfinal dan babak pertama. Keduanya sama-sama dikalahkan Mathias Thyrri/Amalie Magelund dari Denmark.</div><div><br></div><div>Nova Widianto menyebut gelar yang dipersembahkan Rehan/Lisa menjadi awal yang baik bagi perkembangan ganda campuran Indonesia untuk ke depannya. Namun begitu, torehan-torehan yang dicatatkan para pemainnya bukan berarti tak lepas dari evaluasi. Lantas apa saja catatan menurut Nova?</div><div><br></div><div>Bicara soal strategi kemenangan Rehan/Lisa, saya cuma mengingatkan akan kebiasaan mereka saat menerima servis. Selain itu, sebisa mungkin shuttlecock dipukul atau diarahkan untuk melewati Huang Dong Ping. Shuttlecock lebih banyak mengarah ke Feng Yan Zhe,\" kata Nova dalam keterangan tertulisnya, Senin (7/11/2022).</div><div><br></div><div>\"Yang menjadi kunci kemenangan Rehan/Lisa dalam partai final adalah segi kekompakan dan komunikasi di tengah lapangan yang bisa terjaga terus dari awal sampai akhir pertandingan. Juga faktor semangat juang mereka yang luar biasa,\" ujarnya.</div><div><br></div><div>\"Sebelumnya saya sudah berpesan, segera melupakan kekalahan di semifinal pada turnamen French Open lalu. Saya pun meyakinkan kalau Rehan/Lisa bisa lebih baik lagi di turnamen berikutnya. Karena kalau Rehan/Lisa terlalu menyesali kekalahan di Prancis, berarti mereka tidak yakin performanya bisa lebih bagus lagi, tidak cuma maju ke semifinal. Ternyata, mereka bisa.\"</div><div><br></div><div>\"Karakter mereka berdua, saya akui juga bagus. Ini yang akan menjadi sisi keunggulan mereka dibanding pasangan lainnya,\" dia menambahkan.</div><div><br></div><div>\"Untuk pasangan yang lain, yang paling kelihatan evaluasinya adalah masalah non-teknis. Mereka gampang down. Mereka kurang tenang dalam bermain. Saat poinnya unggul, mereka sering jadi panik ketika disusul lawan,\" Nova mengungkapkan.</div><div><br></div><div>\"Ini yang harus dibenahi dan dipoles lagi agar kedepannya bisa tampil lebih baik lagi,\" dia mempertegas.</div>', 'badm1.jpg', '2022-12-01'),
(22, 3, 'Persiapan BWF World Tour Finals Mepet, Apri Fadia Tak Masalah', '<div>Jakarta - Apriyani Rahayu/Siti Fadia Silva Ramadhanti punya waktu sedikit dalam mempersiapkan diri menuju BWF World Tour Finals 2022. Soal itu mereka menyebut tak masalah.</div><div>Apri/Fadia sementara ini menjadi wakil terakhir dari Indonesia yang diundang Badminton World Federation (BWF) untuk tampil di turnamen penutup tahun 2022. Padahal, turnamen akan dimulai 7 Desember ini. Tak ayal, waktu persiapan bisa menjadi tantangan tersendiri bagi keduanya.</div><div><br></div><div>Namun demikian, Apri/Fadia justru merasa tak terganggu dengan kondisi itu. Persiapan yang mereka lakoni sebelumnya disebut sudah cukup.</div><div><br></div><div>\"Sejak terakhir main di tur Eropa, saya memang belum libur dan tetap latihan,\" kata Fadia dalam rilis PBSI. \"Sudah sempat evaluasi juga untuk persiapan tahun depan, tapi karena ada kesempatan main di World Tour Finals, jadi fokus kita alihkan ke yang paling dekat dulu.\"</div><div><br></div><div>Apriyani mengungkapkan hal serupa. Pelatih ganda putri Eng Hian bahkan disebut juara Singapore Open 2022 itu terus berupaya mem-push dia dan Fadia dalam latihan. Makanya, untuk persiapan tak ada masalah.</div><div><br></div><div>\"Yang terpenting bagaimana kita latihan bukan hanya mengejar capeknya melakukannya juga harus benar sekecil apapun itu. Dengan begitu, kepercayaan diri kita pasti ada,\" Apri menjelaskan.</div><div><br></div><div>Apriyani Rahayu sendiri bukan kali pertama tampil di BWF World Tour Finals. Ia pernah merasakannya saat berpasangan Greysia Polii saat World Tour Finals 2020 digelar di Bangkok, Thailand. Saat itu Greysia/Apri gagal ke semifinal setelah kalah di partai terakhir dan kalah dalam head-to-head.</div><div><br></div><div>\"Saya tidak akan banyak dulu memberi wejangan atau apapun itu ke Fadia. Biar Fadia merasakan dulu sendiri bagaimana tampil di sana untuk pertama kali,\" kata pebulutangkis berusia 24 tahun ini.</div><div><br></div><div>\"Hanya yang pasti harus punya keberanian dulu untuk tidak mau kalahnya ada. Pengalaman saya terutama di WTF 2020 di Thailand, waktu itu bagaimana saya dan Kak Greys tidak lolos grup padahal dua partai pertama menang. Jadi warning juga buat saya,\" Apriyani mempertegas.</div>                          	\r\n                   ', 'badm2.jpeg', '2022-12-01'),
(23, 3, 'Australian Open 2022: Indonesia Loloskan 2 Wakil ke Semifinal', '<div>Jakarta - Indonesia mengirim dua wakil ke semifinal Australian Open 2022. Gregoria Mariska Tunjung dan Dejan Ferdinansyah/Gloria Emanuelle Widjaja akan berburu tiket final.</div><div>Dari nomor ganda campuran, Dejan Ferdinansyah/Gloria Emanuelle Widjaja sukses menembus semifinal. Mereka menyingkirkan Yuki Kaneko/Misaki Matsutomo dalam pertandingan perempatfinal di Quay Centre, Sydney Olympic Park, Sydney, Jumat (18/11).</div><div><br></div><div>Dejan/Gloria menang atas wakil Jepang itu lewat rubber game dengan skor 20-22, 21-19, 21-17. Mereka selanjutnya akan Kim Won Ho/Jeong Na Eun.</div><div><br></div><div>Langkah Dejan/Gloria juga diikuti oleh Gregoria Mariska Tunjung. Gregoria mengalahkan wakil Jepang, Saena Kawakami, dengan skor 14-21, 22-20, 21-16 untuk lolos ke semifinal.</div><div><br></div><div>Selanjutnya, Gregoria akan menghadapi Han Yue. Gregoria kalah dari pebulutangkis China itu dalam pertemuan terakhir di Hylo Open 2022 lalu dengan skor ketat 19-21, 19-21.</div><div><br></div><div>Sementara itu, dua wakil Indonesia lainnya gugur di perempatfinal. Ikhsan Leonardo Rumbay dan Adnan Maulana/Nita Violina Marwah sama-sama disingkirkan wakil China.</div><div><br></div><div>Hasil wakil Indonesia di perempatfinal Australian Open 2022, Jumat (18/11/2022):</div><div><br></div><div>Dejan Ferdinansyah/Gloria Emanuelle Widjaja vs Yuki Kaneko/Misaki Matsutomo 20-22, 21-19, 21-17</div><div><br></div><div>Adnan Maulana/Nita Violina Marwah vs Feng Yan Zhe/Huang Dong Ping 7-21, 4-21</div><div><br></div><div>Ikhsan Leonardo Rumbay vs Lu Guang Zu 12-21, 9-21</div><div><br></div><div>Gregoria Mariska Tunjung vs Saena Kawakami 14-21, 22-20, 21-16</div>                          	\r\n                   ', 'badm3.jpeg', '2022-12-01'),
(24, 3, 'Ranking BWF: Jonatan Christie Tembus Posisi Lima', '<div>Jakarta - Badminton World Federation (BWF) kembali memperbarui daftar ranking para pemain top dunia. Jonatan Christie tembus lima besar dunia, melewati posisi Anthony Ginting.</div><div>Perubahan itu tampak dari daftar peringkat di laman BWF per tanggal 15 November 2022.</div><div><br></div><div>Para pemain dari sektor tunggal putra banyak mengalami perubahan terutama peringkat lima ke bawah. Jonatan Christie yang sebelumnya bertengger di posisi ketujuh naik dua tingkat dan menempati posisi kelima.</div><div><br></div><div>Sementara Anthony Ginting berada tepat di bawahnya, yaitu peringkat keenam. Ginting juga mengalami peningkatan dua tingkat, setelah pada pekan sebelumnya ia turun ke peringkat kedelapan.</div><div><br></div><div>Kunlavut Vitidsan dari Thailand juga mengalami peningkatan pada pekan ini. Ia naik satu peringkat dari semula berada di posisi ke-10.</div><div><br></div><div>Perubahan tidak hanya berupa perbaikan ranking, tiga pebulutangkis tunggal putra malah ada yang mengalami kemerosotan. Sebut saja Anders Antonsen (Denmark). Peringkatnya terus menurun dari sebelumnya berada di tiga besar, kemudian turun ke lima besar, pada pekan ini ia terperosok ke posisi kedelapan.</div><div><br></div><div>Anders sendiri dalam beberapa turnamen terakhir memang absen di beberapa turnamen, bahkan sebagian di antaranya mundur karena kondisi cedera yang dialaminya.</div><div><br></div><div>Dari sektor tunggal putri Gregoria Mariska Tunjung tetap berada di peringkat 19 dunia pada pekan ini. Sedangkan Putri Kusuma Wardani turun satu tingkat ke posisi ke-38 dunia.</div><div><br></div><div>Enam pasang ganda putra Indonesia juga tak ada perubahan ranking pada pekan ini. Kevin Sanjaya Sukamuljo/Marcus Fernaldi Gideon di peringkat kedua, disusul Fajar Alfian/Muhammad Rian Ardianto di posisi ketiga.</div><div><br></div><div>Sedangkan Hendra Setiawan/Mohammad Ahsan, Pramudya Kusuma Wardana/Yeremia Rambitan, Bagas Maulana/Muhammad Shohibul Fikri, dan Leo Rolly Carnando/Daniel Marthin masing-masing di peringkat kelima, ke-11, ke-13, dan ke-17.</div><div><br></div><div>Hal serupa juga terjadi pada Apriyani Rahayu/Siti Fadia Silva Ramadhanti yang bertengger di peringkat ke-15.</div><div><br></div><div>Dari sektor ganda campuran, juara Hylo Open 2022 Rehan Naufal Kusharjanto/Lisa Ayu Kusumawati juga tak mengalami pembaharuan. Saat ini mereka menempati ranking ke-19. Berbeda dengan Rinov Rivaldy/Phita Haningtyas Mentaris yang mengalami peningkatan satu trap ke posisi 13 pada pekan ini.</div>                          	\r\n                   ', 'badm4.jpeg', '2022-12-02'),
(25, 3, 'Tim Indonesia Mulai Latihan Ringan Jelang Australia Open 2022', '<div>Jakarta - Tim bulutangkis Indonesia mulai menjalani latihan ringan setibanya di Sydney, pada Minggu (13/11/2022). Latihan untuk mengembalikan kondisi menjelang Australia Open 2022.</div><div>Tim bulutangkis Indonesia yang berkekuatan 16 pemain terbang dari Jakarta pada Sabtu (12/11) malam. Setelah menempuh perjalanan sekitar tujuh jam, mereka akhirnya mendarat di Bandara Internasional Kingsford Smith Sydney pada Minggu (13/11) pukul 06.10 pagi waktu setempat.</div><div><br></div><div>Sempat beristirahat, tim yang dipimpin Herli Djaenudin, pun mulai menjalani latihan pukul 19.30 waktu Sydney di Roketto Badminton and Fitness Centre, yang berada di kawasan Lidcombe.</div><div><br></div><div>\"Malam ini kami latihan hanya untuk mengembalikan kondisi setelah para pemain menjalani penerbangan dari Jakarta pada Sabtu malam dan mendarat di Sydney pada Minggu pagi tadi. Meski masih dalam kondisi capek dan belum cukup istirahat, saya meminta pemain tetap fokus berlatih agar terhindar dari cedera,\" kata Herli, dalam rilis PBSI.</div><div><br></div><div>Latihan yang berlangsung selama sekitar satu jam itu digambarkan dengan suasana gembira. Para pemain melahap seluruh porsi latihan yang diberikan pelatih fisik Felix Ary Bayu Marta dengan baik.</div><div><br></div><div>Setelah latihan peregangan dan pemanasan, para pemain kemudian melanjutkan dengan menjalani latihan gim.</div><div><br></div><div>Ribka Sugiarto dan para pemain ganda putri berlatih teknik berupa gim tiga lawan tiga. Pemain tunggal putri Gregoria Mariska Tunjung dan Putri Kusuma Wardani pun ikut bergabung.</div><div><br></div><div>\"Hari ini kami latihan dengan ceria hanya untuk mengembalikan kondisi tubuh agar lebih siap berlatih dan bertanding kembali setelah menempuh perjalanan terbang dari Jakarta ke Sydney. Ini biar otot-otot kita bisa siap lagi,\" komentar Ribka, mewakili rekan-rekannya.</div><div><br></div><div>\"Kami hanya berlatih ringan. Untuk menjaga kondisi saja. Latihan juga berjalan lancar dan gembira saja,\" Putri KW menambahkan.</div><div><br></div><div>Sementara dua pasangan ganda campuran, juga berlatih penuh semangat. Amri Syahnawi, Adnan Maulana, Winny Oktavina Kandow, dan Nita Violina Marwah, berlatih dengan berganti-ganti pasangan.</div><div><br></div><div>Turnamen level BWF World Tour Super 300 ini akan bergulir tanggal 15-20 November di Quay Centre, yang berada di Sydney Olympic Park Sports Centre, Sydney.</div>                          	\r\n                   ', 'badm5.jpeg', '2022-12-02'),
(26, 3, 'Lima Wakil Indonesia Masuk Nominasi Pemain Terbaik BWF 2022', '<div>Jakarta - Lima wakil Indonesia masuk nominasi penghargaan Pemain Terbaik BWF 2022. Salah satunya ganda putra Fajar Alfian/Muhammad Rian Ardianto.</div><div>Mengutip laman BWF, sejumlah pemain telah terpilih sebagai nominasi dalam penghargaan tahunan BWF, yang akan diselenggarakan 5 Desember mendatang. Ajang itu bersamaan dengan gala dinner BWF World Tour Finals 2022.</div><div><br></div><div>\"Nominasi dipilih berdasarkan penampilan di musim 2021/2022 dari 1 November 2021 hingga 31 Oktober 2022,\" tulis BWF.</div><div><br></div><div>Tercatat ada delapan kategori yang akan diperebutkan para nominator.</div><div><br></div><div>Peraih medali emas dan juara dunia Viktor Axelsen, juara dunia 2021 Loh Kean Yew, dan juara Asia Lee Zii Jia adalah tiga nominasi untuk kategori Pemain Pria Terbaik Tahun Ini.</div><div><br></div><div>Sementara peringkat 2 dunia An Se Young bersaing dengan juara dunia 2021 dan 2022, Akane Yamaguchi, dan pebulutangkis nomor empat dunia Tai Tzu Ying untuk kategori Pemain Wanita Terbaik Tahun Ini.</div><div><br></div><div>Pada kategori Pair of the Year 2022, empat wakil masuk dalam nominasi yaitu Aaron Chia/Soh Wooi Yik, Chen Qing Chen/Jia Yi Fan, Dechapol Puavaranukroh/Dechapol Puavaranukroh dan Zheng Si Wei/Huang Ya Qiong.</div><div><br></div><div>Sementara Pemain Paling Meningkat Tahun Ini akan menampilkan empat pesaing Prannoy H.S dari India, juara Jepang Open Jeong Na Eun/Kim Hye Jeong, dan pemenang empat kali turnamen BWF, Fajar Alfian/Muhammad Rian Ardianto.</div><div><br></div><div>Sedangkan para pemain yang masuk dalam kategori pebulutangkis menjanjikan ialah Alex Lanier, Kodai Naraoka, dan Rehan Naufal Kusharjanto/Lisa Ayu Kusumawati.</div><div><br></div><div>Penghargaan pemain terbaik juga diperebutkan oleh para pemain para badminton.</div><div><br></div><div>Daftar Nomine</div><div>Pemain Putra Terbaik 2022</div><div>Viktor Axelsen (Denmark)</div><div>Loh Kean Yew (Singapore)</div><div>Lee Zii Jia (Malaysia)</div><div><br></div><div>Pemain Putri Terbaik 2022</div><div>An Se Young (Korea Selatan)</div><div>Akane Yamaguchi (Jepang)</div><div>Tai Tzu Ying (Taiwan)</div><div><br></div><div>Pasangan Pebulutangkis Terbaik 2022</div><div>Aaron Chia/Soh Wooi Yik (Malaysia)</div><div>Chen Qing Chen/Jia Yi Fan (China)</div><div>Dechapol Puavaranukroh/Dechapol Puavaranukroh (Thailand)</div><div>Zheng Si Wei/Huang Ya Qiong (China)</div><div><br></div><div>Pemain Paling Meningkat 2022</div><div>Prannoy H.S (India)</div><div>Jeong Na Eun/Kim Hye Jeong (Korea Selatan)</div><div>Fajar Alfian/Muhammad Rian Ardianto (Indonesia)</div><div><br></div><div>Pemain Paling Menjanjikan 2022</div><div>Alex Lanier (Prancis)</div><div>Kodai Naraoka (Jepang)</div><div>Rehan Naufal Kusharjanto/Lisa Ayu Kusumawati (Indonesia)</div><div><br></div><div>Nomine ParaBadminton:</div><div>Pemain Terbaik Putra Para Badminton Tahun 2022</div><div>Daiki Kajiwara (Jepang)</div><div>Cheah Liek Hou (Malaysia)</div><div>Pramod Bhagat (India)</div><div>Lucas Mazur (Prancis)</div><div>Chu Man Kai (Hong Kong)</div><div>Choi Jung Man (Korea Selatan)</div><div><br></div><div>Pemain Terbaik Putri ParaBadminton Tahun 2022</div><div>Manisha Ramdass (India)</div><div>Nithya Sre Sumathy (India)</div><div>Sarina Satomi (Jepang)</div><div>Carmen Giuliana Proveda (Peru)</div><div>Manasi Girischandra Joshi (India)</div><div>Pilar Jauregui Cancino (Peru)</div><div><br></div><div>Pasangan Terbaik ParaBadminton BWF</div><div>Fredy Setiawan/Khalimatus Sadiyah Sukohandoko (Indonesia)</div><div>Muhammad Ikhwan Ramli/Noor Azwan Noorlan (Indonesia)</div><div>Thomas Wandschneider/Rick Cornell Helmann (Jerman)</div><div>Lucas Mazur/Faustine Noel (Prancis)</div><div>Shuban/Rina Marlina (Indonesia)</div><div>Sarina Satomi/Yuma Yamazaki (Jepang)</div>                          	\r\n                   ', 'badm6.jpeg', '2022-12-02'),
(27, 1, 'Cari Pengganti Cristiano Ronaldo, Man United Bidik 9 Calon Striker di Bursa Transfer', '                          <div>Pada Rabu (23/11/2022) dini hari pukul 00.30 WIB, Manchester United secara mengejutkan mengumumkan bahwa mereka melepas Cristiano Ronaldo.</div><div><br></div><div>Dalam pernyataannya, Manchester United melepas Ronaldo dengan kesepakatan bersama dan berterima kasih atas konstribusinya selama membela klub.</div><div><br></div><div>\"Cristiano Ronaldo akan meninggalkan Manchester United dengan kesepakatan bersama,\" tulis pihak Man United, dikutip BolaSport.com dari situs resmi klub.</div><div><br></div><div>\"Klub berterima kasih kepadanya atas kontribusinya yang luar biasa selama dua periode di Old Trafford, mencetak 145 gol dalam 346 penampilan, dan mendoakan dia serta keluarganya hal baik untuk masa depan.\"</div><div><br></div><div>Baca Juga: Cody Gakpo Tak Cocok Gantikan Cristiano Ronaldo, Man United Lebih Bagus Rekrut Harry Kane</div><div><br></div><div>\"Semua orang di Manchester United tetap fokus dalam melanjutkan perkembangan di bawah Erik ten Hag dan bekerja bersama untuk memberikan kesuksesan di lapangan,\" bunyi pihak Man United menambahkan.</div><div><br></div><div>Keputusan tersebut membuat Manchester United kini fokus mencari pengganti untuk Ronaldo.</div><div><br></div><div>Menurut laporan Mirror yang dinukil BolaSport.com, ada 9 pemain yang diincar di jendela transfer Januari 2023 untuk menggantikan CR7.</div><div><br></div><div><div>Kesembilan pemain itu adalah Kylian Mbappe (PSG), Cody Gakpo (PSV), Harry Kane (Tottenham Hotspur), Dusan Vlahovic (Juventus), Lautaro Martinez (Inter Milan), Goncalo Ramos (Benfica), Mehdi Taremi (Porto), Christian Pulisic (Chelsea), dan Jonathan David (Lille).</div><div><br></div><div>Dari kedelapan pemain di atas, Mbappe dan Gakpo menjadi prioritas Setan Merah.</div><div><br></div><div>Untuk Mbappe, United dilaporkan akan menyiapkan dana sebesar 150 juta pounds atau setara Rp2,7 triliun.</div><div><br></div><div>Selain itu, Man United akan memberikan gaji kepada sang bomber sebesar 500 ribu pounds atau setara Rp9,2 miliar per pekan.</div><div><br></div><div>Sebuah angka yang sama dengan gaji Ronaldo saat ini di Manchester United.</div><div><br></div><div>Sementara untuk Gakpo, Man United kembali tertarik untuk merekrut pemain PSV itu usai gagal mendaratkannya pada bursa transfer musim panas 2022.</div></div>                          	\r\n                                      ', 'bola1.jpg', '2022-12-04'),
(28, 1, 'Juventus Diterpa Masalah Finansial Cristiano Ronaldo Jadi Akar Penyebabnya', '                                                                              <div>Beberapa hari lalu, Juventus sempat membuat heboh jagat sepak bola.</div><div><br></div><div>Klub peraih 36 gelar Liga Italia itu mengeluarkan konfirmasi perihal pengunduran diri jajaran direksi utamanya.</div><div><br></div><div>Andrea Agnelli dan wakilnya, Pavel Nedved, terkonfirmasi mundur dari jabatannya.</div><div><br></div><div>Langkah Andrea Agnelli dan Pavel Nedved turut diikuti oleh delapan direksi lainnya, termasuk Maurizio Arrivabene selaku CEO klub.</div><div><br></div><div>Usut punya usut, langkah mundur jajaran direktur Juventus disebabkan oleh skandal finansial yang tengah menimpa klub.</div><div><br></div><div>Salah satunya adalah menyembunyikan pembayaran kepada beberapa pemain mereka, termasuk Cristiano Ronaldo.</div><div><br></div><div>Menurut laporan Football Italia yang dinukil BolaSport.com, penyelidik dilaporkan telah menemukan dokumen pribadi yang ditandatangani oleh CR7 dan direktur klub secara rahasia.<span style=\"font-size: 1rem;\">idik dilaporkan telah menemukan dokumen pribadi yang ditandatangani oleh CR7 dan direktur klub secara rahasia.</span></div><div><span style=\"font-size: 1rem;\"><br></span></div><div><div>Dalam laporan tersebut, Cristiano Ronaldo telah dijanjikan akan menerima 19,9 juta euro atau setara Rp308 miliar bahkan jika dia meninggalkan klub.</div><div><br></div><div>Akan tetapi, Juventus diduga menghilangkan pembayaran tersebut di neraca dan gagal mengomunikasikannya kepada Lega Calcio selaku penyelenggara Liga Italia.</div><div><br></div><div>Selain itu, akuisisi Ronaldo senilai 117 juta euro atau setara Rp1,9 triliun pada 2018 juga menempatkan Juventus dalam posisi yang sulit secara finansial.</div><div><br></div><div>Hal tersebut kemudian menjelaskan mengapa mereka diduga memalsukan keuntungan dalam laporan keuangan tahun 2019, 2020, dan 2021.</div><div><br></div><div>Syahdan, hukuman pun siap menanti Juventus dengan denda yang jumlah tergolong tidak sedikit.</div><div><br></div><div>Apabila Juventus terbukti melakukan pelanggaran, penyelidik siap menjatuhkan denda besar.</div><div><br></div><div>I Bianconeri dapat didenda mulai dari 20 juta euro atau setara Rp310 miliar hingga 60 juta atau setara Rp930 miliar.</div><div><br></div><div>Denda nyaris satu triliun rupiah itu bisa jelas menjadi kerugian bagi Juventus mengingat mereka juga sedang menyeimbangkan neraca keuangan.</div></div>                                                         ', 'bola2.jpg', '2022-12-04'),
(29, 1, 'PIALA DUNIA - Bintang Timnas Prancis Takut Kucing Liar di Qatar', '<div>Prancis masih terus melaju dalam turnamen akbar di Qatar.</div><div><br></div><div>Mereka telah memastikan tiket menuju babak 16 besar usai finis sebagai juara Grup D berkat hasil dua kemenangan dan satu kekalahan.</div><div><br></div><div>Ousmane Dembele pun selalu mendapat jatah bermain dari tiga laga yang dijalani Prancis selama fase grup.</div><div><br></div><div>Dia menjadi starter dalam dua partai pertama, lalu masuk sebagai pemain pengganti pada partai terakhir melawan Tunisia.</div><div><br></div><div>Meski garang saat menghadapi pemain rival, ternyata Dembele takut terhadap kucing liar yang berseliweran di jalanan Qatar.</div><div><br></div><div>Fakta tersebut dibongkar oleh rekan setim Dembele, Randal Kolo Muani.</div><div><br></div><div>\"Ousmane Dembele takut kucing,\" ujar Muani seperti dikutip BolaSport.com dari Spiegel.</div><div><br></div><div>\"Kucing-kucing berlarian dan dia (Dembele) ketakutan. Semua orang jadi tertawa,\" kata dia menambahkan.</div><div><br></div><div>Dembele harus lebih lama berhadapan dengan kucing liar di Qatar jika ingin Prancis langgeng pada Piala Dunia 2022.</div><div><br></div><div>Untuk pertandingan selanjutnya, Les Bleus akan meladeni Polandia dalam babak 16 besar.</div><div><br></div><div>Duel kedua tim dijadwalkan berlangsung Minggu (4/12/2022).</div>                          	\r\n                   ', 'bola3.jpg', '2022-12-04'),
(30, 1, 'PSG Sudah Punya Rencana untuk Lionel Messi, Langsung Ajak Ketemu Setelah Piala Dunia 2022', '<div>Nama Lionel Messi sangat disorot pada ajang Piala Dunia 2022.</div><div><br></div><div>Hal itu tidak lepas dari pernyataan Messi yang menyebut Piala Dunia 2022 sebagai Piala Dunia terakhir baginya.</div><div><br></div><div>Sebelum Piala Dunia 2022 dimulai, Messi sudah menyampaikan bahwa edisi kali ini akan menjadi yang terakhir baginya.</div><div><br></div><div>Selain itu, Messi juga belum menentukan masa depannya setelah Piala Dunia 2022.</div><div><br></div><div>Pernyataan Messi itu pun menuai banyak komentar dari berbagai pihak.</div><div><br></div><div>Tidak hanya menuai komentar, pernyataan kapten timnas Argentina itu juga memunculkan banyak spekulasi.</div><div><br></div><div>Menurut laporan media Amerika Serikat, The Times, Messi dikabarkan sudah mencapai kesepakatan dengan Inter Miami.</div><div><br></div><div>Messi disebut sudah sepakat dengan Inter Miami dan akan segera bergabung pada akhir musim 2022-2023.</div><div><br></div><div>Bahkan, Inter Miami disebut tidak hanya akan merekrut Messi, tetapi juga Cristiano Ronaldo dan Cesc Fabregas.</div><div><br></div><div>Namun, rumor soal kesepakatan antara Messi dan Inter Miami itu langsung dibantah oleh pihak La Pulga.</div><div><br></div><div>Rumor tersebut juga membuat klub Messi saat ini, Paris Saint-Germain, mulai bergerak cepat.</div><div><br></div><div>PSG sudah menyiapkan rencana untuk masa depan Messi.</div><div><br></div><div>Kabarnya, PSG sudah berencana untuk mengajak penyerang berusia 35 tahun tersebut bertemu setelah Piala Dunia 2022 selesai.</div><div><br></div><div>PSG berencana untuk memberikan tawaran kontrak baru selama satu tahun kepada Messi.</div><div><br></div><div>Opsi perpanjangan satu tahun itu sebenarnya juga ada di dalam klausul kontrak Messi saat pindah dari Barcelona ke PSG pada awal musim 2021-2022.</div><div><br></div><div>Akan tetapi, opsi tersebut hanya bisa aktif apabila Messi mau untuk mengambilnya.</div>                          	\r\n                   ', 'bola4.jpg', '2022-12-04'),
(31, 1, 'Piala AFF 2022 - Jordi Amat Antusias Tatap Laga Kandang Timnas Indonesia', '<div>Hal tersebut diungkapkan Jordi Amat di YouTube PSSI, Minggu (4/12/2022).</div><div><br></div><div>Menghuni Grup A Piala AFF 2022, timnas Indonesia akan memainkan laga perdana kontra Kamboja.</div><div><br></div><div>Laga tersebut dijadwalkan berlangsung di Stadion Utama Gelora Bung Karno (SUGBK), Senayan, Jakarta Pusat, Jumat (23/12/2022).</div><div><br></div><div>Jordi Amat sadar bahwa antusiasme suporter timnas Indonesia sangat tinggi.</div><div><br></div><div>Maka dari itu, pemain berusia 30 tahun itu bertekad mempersembahkan hasil yang terbaik untuk para pendukung.</div><div><br></div><div>\"Saya menantikan bermain dengan menggunakan jersey timnas Indonesia di depan suporter, negara,\" ucap Jordi Amat.</div><div><br></div><div>\"Saya siap memenangi pertandingan pertama di laga home melawan Kamboja,\" sambung eks pemain Real Betis itu.</div><div><br></div><div>Setelah melawan Kamboja, timnas Indonesia dijadwalkan melakoni laga tandang kontra Brunei Darussalam (26/12/2022).</div><div><br></div><div>Indonesia lalu menjamu Thailand (29/12/2022) dan menantang Filipina (2/1/2023).</div><div><br></div><div>Dalam menatap Piala AFF 2022, kini Skuad Garuda tengah menjalani pemusatan latihan (TC) di Bali.</div><div><br></div><div>TC tersebut berlangsung sejak 28 November 2022.</div><div><br></div><div>\"Sekarang kami sedang latihan di Bali, semua sudah siap untuk menjalani pertandingan dengan baik,\" tutup Jordi Amat.</div>                          	\r\n                   ', 'bola5.jpg', '2022-12-04'),
(32, 1, 'Kuda Hitam yang Bisa Hambat Timnas Indonesia di Piala AFF 2022', '<div>Timnas Indonesia menatap Piala AFF 2022 dengan kepercayaan diri tinggi mengingat dua pemain keturunan, Sandy Walsh dan Jordi Amat telah rampung dinaturalisasi dan tersedia untuk digunakan jasanya.</div><div><br></div><div>Namun, seperti edisi-edisi sebelumnya, Piala AFF 2022 bakal menghadirkan sejumlah kesulitan bagi timnas Indonesia, salah satunya ancaman dari para tim kuda hitam.</div><div><br></div><div>Sebetulnya, dibandingkan negara-negara elite Asia Tenggara seperti Thailand, Vietnam, atau Indonesia, tim-tim yang berstatus sebagai kuda hitam di Piala AFF 2022 ini memang tak terlalu diunggulkan.</div><div><br></div><div>Akan tetapi, mereka kini punya sumber daya yang cukup mumpuni untuk tampil mengagetkan. Bahkan, mereka juga sama-sama menggelar persiapan yang panjang agar tak sekedar menjadi penggembira di Piala AFF 2022.</div><div><br></div><div>Berikut tiga tim kuda hitam di Piala AFF 2022 yang bisa menyandung langkah timnas Indonesia.</div><div><br></div><div>1. Laos</div><div><br></div><div>Timnas Laos juga patut menjadi salah satu kontestan Piala AFF 2022 yang tak boleh diremehkan. Statusnya sebagai kuda hitam bisa saja menjadi ancaman.</div><div><br></div><div>Menuju Piala AFF 2022, Laos sudah menggelar persiapan yang sangat matang. Mereka bahkan menggelar pemusatan latihan jangka panjang di Thailand.</div><div><br></div><div>Setidaknya, ada beberapa laga uji coba melawan klub setempat, mulai dari Huay tarang, Lasima Mazda, hingga Muangthong United.</div><div><br></div><div>Tak hanya itu saja, skuad asuhan Michael Weiss ini rencananya juga akan menguji kekuatan timnas Thailand U-23 pada laga latih tanding terakhir jelang Piala AFF 2022.</div><div><br></div><div>2. Singapura</div><div><br></div><div>Timnas Singapura juga akan menjadi kontestan berstatus kuda hitam di Piala AFF 2022 yang bisa menyulitkan langkah timnas Indonesia saat berjumpa.</div><div><br></div><div>Meskipun bukan berstatus sebagai tim terkuat di Asia Tenggara dan difavoritkan juara, tim berjulukan The Lions ini punya kekuatan yang patut diperhitungkan.</div><div><br></div><div>Pasalnya, mereka sudah sangat serius untuk mempersiapkan diri di ajang ini. Salah satunya dengan menggelar pemusatan latihan di Jepang.</div><div><br></div><div>Selama TC di Negeri Sakura, pelatih timnas Singapura, Takayuki Nishigaya, juga sudah menyiapkan sejumlah agenda uji coba melawan tim-tim lokal.</div><div><br></div><div>3. Filipina</div><div><br></div><div>Yang terakhir, ada tim sesama kontestan Grup A Piala AFF 2022 yang jadi kuda hitam dan berpeluang menebar ancaman untuk timnas Indonesia, yakni Filipina.</div><div><br></div><div>Salah satunya yakni karena banyaknya pemain timnas Filipina yang berkarier di luar negeri, seperti kiper Ray Hansen (Kuala Lumpur City FC), Amani Aguinaldo (Nongbua Pitchaya), Jesse Curran (BG Pathum United), Jesper Nyholm (Muangthong United), hingga Dylan De Bruycker (Nakhon Ratchasima).</div><div><br></div><div>Itu belum termasuk Jefferson Tabinas yang berkarier di Jepang bersama Mito HollyHock atau Michael Baldisimo yang berkarier di Liga Amerika Serikat bersama Vancouver Whitecaps.</div><div><br></div><div>Selain itu, ada pula dua pemain naturalisasi yang mengisi sektor lini serang, yaitu Mark Hartmann (Inggris) dan Bienve Maranon (Spanyol).</div>                          	\r\n                   ', 'bola6.jpg', '2022-12-04'),
(33, 2, 'NBA Umumkan Tanggal Pelaksanaan Musim 2023-2024', '<div>Komisaris NBA Adam Silver bertemu dengan pemilik 30 klub kontestan liga, pada 2 Desember 2022, waktu Indonesia. Tujuan utamanya, Silver ingin memberi pengumuman tentang tanggal pelaksanaan musim 2023-2024, serta inovasi baru yang akan dijalankan oleh NBA. Kabarnya musim depan bakal lebih melelahkan lagi, baik secara fisik dan mental.</div><div><br></div><div>NBA telah memainkan musim dengan 82 pertandingan sejak 1967-1968. Pertandingan melelahkan tersebut harus dilalui para pemain sepanjang tahun, dan ini tidak mudah. Selain pemain, pelatih, staf tim juga harus mencurahkan waktu, pikiran, dan tenaga mereka terus menerus sepanjang tahun. Namun untungnya, NBA sebagai liga selalu memberikan jadwal jauh-jauh hari. Sehingga mereka bisa mempersiapkan diri. Untuk musim 2023-2024, NBA akan memulainya pada tanggal 24 Oktober 2023 dan berakhir pada 14 April 2024.&nbsp;</div><div><br></div><div>Empat dari lima musim terakhir di NBA dimulai pada minggu ketiga bulan Oktober. Jadi musim depan akan mengalami sedikit perubahan, karena ada di minggu keempat bulan Oktober. Sementara itu kabar tentang adanya inovasi baru di liga, kini bukan hanya sekadar rumor. Silver mengatakan bahwa NBA sudah membahasnya, dan bakal diterapkan untuk musim depan.&nbsp;</div><div><br></div><div>Inovasi tersebut bernama turnamen tengah musim. Silver sangat antusias dengan program tersebut, dan berharap bisa mematahkan kebosanan yang terjadi di kompetisi NBA. Menurut penjelasan Shams Charania dari The Athletic, adanya turnamen tengah musim ini memangkas jumlah pertandingan NBA yang tadinya 82 menjadi 80 pertandingan dalam satu musim. Namun akan ada tambahan pertandingan bagi tim yang lolos ke sistem gugur.&nbsp;</div><div><br></div><div>\"Saya menyadari bahwa penggemar berharap ada inovasi baru dari liga, serta membuat persaingan lebih seru. Saya mengerti, sehingga kami bekerja keras agar ada tradisi baru di liga. Itu yang menjadi fokus kami,\" kata Silver, dikutip dari ESPN.&nbsp;</div><div><br></div><div>Meski NBA sudah mengumumkan tanggal pelaksanaan musim baru, namun belum ada mekanisme dan sistem yang jelas tentang liga musim depan. Ketentuan tentang turnamen tengah musim akan dilakukan sebelum bulan Agustus 2023. Saat itu biasanya liga merilis jadwal musim baru.</div>                          	\r\n                   ', 'bask1.jpg', '2022-12-04'),
(34, 2, 'Pencapaian Zion Williamson Setelah 100 Pertandingan di NBA', '<div>Zion memainkan pertandingan ke-100 saat New Orleans Pelicans menang atas Oklahoma City Thunder dengan skor 105-101, pada 29 November 2022, waktu Indonesia. Setelah pertandingan tersebut, pemain yang direkrut tahun 2019 ini membuat banyak catatan rekor di NBA. Berikut pencapaian Zion Williamson setelah 100 pertandingan pertamanya di NBA:</div><div><br></div><div>1. Kedua Terbanyak untuk 20 Points in the Paint selama 100 Pertandingan</div><div><br></div><div>Untuk daftar yang satu ini, Zion ada di urutan kedua. Zion mencetak setidaknya 20 points in the paint sebanyak 50 kali dalam 100 pertandingan. Catatan terbanyak dipegang oleh Giannis Antetokounmpo yang berhasil mencetak 80 kali. Ini menandakan kalau Zion merupakan pemain yang dominan di area kunci.&nbsp;</div><div><br></div><div>Sementara untuk memperkuat data ini, Zion menempati urutan keenam untuk percobaan tembakan gratis terbanyak dalam 100 pertandingan. Di mana Zion mencatatkan 803 percobaan. Dalam 40 musim terakhir NBA, catatan terbanyak dipengang oleh David Robinson (998 percobaan), disusul oleh Shaquille O Neal (906 percobaan), Michael Jordan (871 percobaan), Alonzo Mourning (865 percobaan), dan Blake Griffin (829 percobaan).&nbsp;</div><div><br></div><div>2. Rata-rata Poin Terbanyak Keempat Dalam 100 Pertandingan</div><div><br></div><div>Pada rentang tahun 2020 hingga 2022, Zion memainkan 100 pertandingan. Setelah dihitung rata-rata poinnya, maka Zion berada di urutan keempat dengan catatan 20,0 poin per pertandingan. Di peringkat pertama ada David Robinson yang mencatatkan 22,5 poin per pertandingan, diikuti Michael Jordan dengan 21,5 poin per pertandingan, dan Shaquille O Neal di tempat ketiga dengan catatan 20,0 poin per pertandingan.</div><div><br></div><div>Dengan kemampuan dan postur tubuhnya, Zion mampu mendominasi area kunci. Zion pernah mencetak points in the paint tertinggi dalam satu musim pada 2020-2021, yaitu 20,3 poin per pertandingan. Pemain yang pernah membuat catatan serupa adalah Shaquille O Neal di musim 1999-2000 dengan 29,7 points in the paint per game.&nbsp;</div><div><br></div><div>3. 10 Besar Poin Terbanyak dalam 100 Pertandingan Pertama</div><div><br></div><div>Untuk rekor kali ini, Zion boleh mendapatkan pujian. Sebab, dalam daftar tersebut berisi legenda-legenda NBA seperti Wilt Chamberlain, Oscar Robertson, Kareem Abdul-Jabbar, Elgyn Baylor, hingga Michael Jordan. Hebatnya, Zion berhasil menembus 10 besar. Kalau Wilt Chamberlain mampu mencetak 3.748 poin dalam 100 pertandingan antara 1959 hingga 1961, maka Zion berada di urutan ke-10 dengan catatan 2.524 poin dalam rentang tahun 2020 hingga 2022.&nbsp;</div><div><br></div><div>4. Pemain Pertama yang Mencetak 25 PPG dalam 100 Pertandingan Sejak 1976-1977</div><div><br></div><div>Zion adalah pemain pertama dalam sejarah NBA yang mencatatkan 25 poin per game dengan 60 persen tembakan dari area kunci dalam 100 pertandingan pertamanya. Tiga pemain di bawah Zion Williamson adalah Shaquille O Neal bersama Orlando Magic 1993-1994, Charles Barkley di Philadelphia 76ers 1989-1991, dan Kevin McHale bersama Boston Celtics 1986-1988.</div><div><br></div><div>Namun di balik semua pencapaian bagus itu, tampaknya tidak membuat Zion dipuji oleh pengamat NBA. Karena faktanya, Zion menempati urutan ketiga untuk pemain yang absen dalam pertandingan selama mencapai 100 pertandingan. Lebih spesifik lagi, pemain yang terpilih sebagai pemain Draft urutan pertama.&nbsp;</div><div><br></div><div>Greg Oden dari Portland Trail Blazers melewatkan 440 pertandingan sejak debutnya di NBA sampai 100 pertandingan, dalam rentang tahun 2007 hingga 2013. Oden harus berjuang untuk menyembuhkan cedera lututnya. Di tempat kedua ada David Robinson dari San Antonio Spurs. Robinson absen 164 kali sebelum mencapai 100 pertandingan karena wajib militer. Sementara Zion harus absen 146 pertandingan sejak debutnya di tahun 2019, sampai mencapai 100 pertandingan di tahun 2022, karena harus berkutat dengan cedera.&nbsp;</div><div><br></div><div>Menurut Douglas Clawson dari CBS Sports, semua catatan bagus dari Zion Williamson tidak mendapatkan perhatian publik. Fokus pembahasannya adalah Zion pemain Draft nomor satu di NBA pada 2019, yang butuh empat musim untuk mencapai 100 pertandingan. Dia sudah absen 146 pertandingan karena cedera dan belum pernah tampil dalam pertandingan playoff NBA.</div>                          	\r\n                   ', 'bask2.jpg', '2022-12-04'),
(35, 2, 'Dapat Perpanjangan Kontrak, Al Horford Main di Boston Celtics Sampai 2025', '<div>Al Horford bakal bermain sampai usia 39 tahun. Ini setelah dirinya mendapatkan perpanjang kontrak dari Boston Celtics selama dua tahun. Menurut Adrian Wojnarowksi dari ESPN, Horford diikat dengan kontrak Veteran Extension dengan bayaran sekitar 10 juta dolar Amerika per tahun. Kontrak tersebut akan dimulai pada musim 2023-2024, dan berakhir pada musim 2024-2025.&nbsp;</div><div><br></div><div>Adrian Wojnarowksi mendapat kepastian tentang kabar perpanjangan Al Horford dari Jason Glushon, agen pemain dari Glushon Sports Management. Perpanjangan itu ditawarkan karena masa kontrak Horford dengan Celtics berakhir pada tahun 2023. Karena performanya bagus, Horford akhirnya diberikan perpanjangan kontrak.</div><div><br></div><div>Horford mengalami kebangkitan karier dalam kesempat keduanya bersama Celtics. Dia membantu Celtics bisa dominan di Wilayah Timur, dan kembali menjadi favorit peraih gelar NBA. Pada usia 36, dia tetap menjadi pemain yang produktif, dan mendapatkan rasa hormat di dalam ruang ganti dan di mata penggemar Celtics.&nbsp;</div><div><br></div><div>Horford mencetak rata-rata 10,9 poin dan 6,3 rebound dalam 31 menit per pertandingan musim ini. Menjaga lini depan Celtics tetap stabil dengan absennya pemain inti Robert Williams III yang mengalami cedera. Horford mencetak akurasi tembakan 55,5 persen, dan 48,8 persen dari tembakan tiga angka. Menurut data ESPN Stats &amp; Info, persentase akurasi tembakan Horford paling tinggi di antara pemain center di tim lain.&nbsp;</div><div><br></div><div>Dikutip dari data Second Spectrum, Horford merupakan pemain yang memainkan jumlah playoff terbanyak, yaitu 427 pertandingan, tanpa mencapai babak final. Tapi rekor buruk ini terhenti ketiga Horford mencapai Final NBA 2021, bersama tim Boston Celtics.</div>                          	\r\n                   ', 'bask3.jpg', '2022-12-04'),
(36, 2, 'Sembilan Kemenangan Beruntun Celtics Berhenti di Bulls', '<div>Rekor kemenangan beruntun Boston Celtics harus berhenti di angka sembilan. Bertamu ke markas Chicago Bulls, United Center, Celtics tunduk 121-107.&nbsp;</div><div><br></div><div>Game pun berjalan mutlak milik Bulls yang terus unggul selepas kuarter pembuka. Bulls juga nyaris unggul di semua catatan statistik tim hari ini. Praktis Celtics hanya unggul di asis, blok, dan jumlah foul.&nbsp;</div><div><br></div><div>DeMar DeRozan memimpin Bulls dengan 28 poin, 8 rebound, dan 4 asis. DeRozan sempurna 3/3 dari tripoin. Zach LaVine tepat di belakangnya dengan 22 poin, 5 rebound, plus 5 asis. Zach juga tajam dari tripoin dengan 5/10.&nbsp;</div><div><br></div><div>Di luar keduanya, ada empat nama lain yang mencetak dua digit angka. Nikola Vucevic dobel-dobel 12 poin, 13 rebound, 6 asis. Patrick Williams 17 poin plus 4 rebound. Ayo Dosunmu serta Alex Caruso masing-masing membukukan 10 poin.&nbsp;</div><div><br></div><div>Bulls yang terseok-seok di awal musim mulai menemukan ritme mereka dengan kembalinya beberapa pemain yang cedera. Coby White contohnya. Ini adalah gim kedua White secara beruntun sejak menepi pada akhir Oktober.&nbsp;</div><div><br></div><div>Untuk Celtics, sebaran poin mereka hari ini terpusat di empat pemain saja. Jayson Tatum dobel-dobel 28 poin, 11 rebound, 7 asis. Jaylen Brown menyusul dengan 25 poin dan 7 rebound. Meski tajam, keduanya juga jadi penyumbang turnover terbesar Celtics. Sembilan dari 15 turnover Celtics tercipta dari kedua pemain ini.&nbsp;</div><div><br></div><div>Malcolm Brogdon juga produktif dengan 23 poin dan 6 asis dari bangku cadangan. Brogdon hanya bermain 25 menit dan memasukkan 5/6 tripoin (83 persen), tertinggi di tim hari ini. Grant Williams menutup daftar dengan 13 poin plus 7 rebound.&nbsp;</div><div><br></div><div>Hasil ini membuat tim terpanas NBA sekarang adalah Kings dengan enam kemenangan beruntun. Ini adalah kekalahan keempat Celtics musim ini yang uniknya hanya datang dari dua tim, Bulls dan Cavaliers.&nbsp;</div><div><br></div><div>Sebaliknya untuk Bulls, hasil ini memutus tren buruk mereka. Tim asuhan Billy Donovan ini belum menang di empat gim terakhirnya, termasuk kalah atas Celtics di pekan pertama November. Rekor pertemuan kedua tim kini adalah (2-1) untuk Bulls.&nbsp;</div><div><br></div><div>Kedua tim akan kembali bermain lusa. Celtics pulang ke Boston untuk menjamu Dallas Mavericks, sementara Bulls akan bergeser ke Milwaukee berhadapan dengan Bucks.</div>                          	\r\n                   ', 'bask4.jpg', '2022-12-04'),
(37, 2, 'Kontrak Donovan Diperpanjang di Awal Musim', '                          <div>Chicago Bulls secara diam-diam memperpanjang kontrak pelatih Billy Donovan pada awal musim ini. Berita tersebut dimuat oleh The Athletic pada Selasa (30/11) lalu yang kemudian dikonfirmasi oleh manajemen Bulls.</div><div><br></div><div>Perpanjangan kontrak disebut berdasarkan capaian Donovan musim lalu. Ia berhasil membawa Bulls lolos ke playoff untuk pertama kalinya setelah empat tahun. Donovan awalnya memiliki kontrak empat tahun sejak 2020. Sekarang kontrak tersebut diperpanjang lagi untuk beberapa tahun ke depan.</div><div><br></div><div>Keputusan memperpanjang kontrak itu dianggap terburu-buru. Sebab, Donovan baru meraih satu playoff pada dua musim pertamanya dan masih ada dua musim sisa di kontrak awal. Itu pun langsung kalah 1-4 di babak pertama oleh Milwaukee Bucks.</div><div><br></div><div>Masih perlu banyak hal untuk dibuktikan oleh Donovan. Dalam satu dekade terakhir, Bulls baru dua kali meraih semifinal wilayah Timur. Capaian terakhir terjadi pada musim 2014-15 atau saat Barack Obama masih menjadi Presiden Amerika Serikat.</div><div><br></div><div>Sebenarnya Bulls sempat berada di posisi pertama wilayah Timur hingga jeda All-Star musim lalu. Namun, performa mereka jatuh setelah Lonzo Ball cedera dan menjalani operasi lutut pada Januari.</div><div><br></div><div>Apalagi musim ini mereka sedang mengalami situasi yang sulit. Bulls memiliki rekor 9-12. Dalam musim ketiga Donovan bersama Bulls, rekornya juga tidak bagus-bagus amat. Malah hampir seimbang dengan 86-89. Setelah memenangkan tiga dari empat gim, Bulls kemudian dihajar Phoenix Suns 132-113 di Footprint Center pada Kamis WIB.</div><div><br></div><div>Kritikan juga bermunculan karena keputusan-keputusan kontroversial Donovan. Seperti mencadangkan Zach Lavine di kuarter terakhir melawan Orlando Magic. Padahal mereka membutuhkan kemenangan.</div><div><br></div><div>K.C. Johnson dari NBC Sports Chicago menulis bahwa perpanjangan kontrak dilakukan karena kedekatan Donovan dengan Kepala Operasi Bola Basket Bulls Arturas Karnisovas. Membuatnya lebih mudah untuk mengamankan posisi. “Keduanya berbicara hampir setiap hari dan tidak pernah ada kesalahpahaman bahkan ketika membahas hal yang sulit,” tulisnya.</div><div><br></div><div>Bulls merombak manajemen pada 2020 lalu. Saat itu mereka menunjuk Karsinovas sebagai wakil presiden operasi bola basket dan Marc Eversley sebagai manajer umum. Keduanya lalu mendatangkan Donovan dari Oklahoma City Thunder untuk menggantikan posisi pelatih Jim Boylen.</div><div><br></div><div>Melihat performa tim saat ini dan perpanjangan kontrak telah dilakukan, cukup menarik melihat bagaimana Donovan akan menyelesaikan musim ini. Apakah bisa melebihi capaian musim lalu atau malah sebaliknya. Saat ini Bulls menempati posisi empat terbawah wilayah Timur.</div>                          	\r\n                                      ', 'bask5.jpg', '2022-12-05'),
(38, 2, 'Harden, Lillard, Dan Middleton Akan Kembali Bermain Mulai Pekan Ini', '                          <div>Ada tiga bintang NBA yang diperkirakan kembali berlaga pekan ini. Mereka adalah James Harden (Philadelphia 76ers), Damian Lillard (Portland Trail Blazers), dan Khris Middleton (Milwaukee Bucks). Ketiganya mengalami cedera panjang. Bahkan Middleton sendiri belum bermain musim ini.</div><div><br></div><div>James Harden</div><div><br></div><div>Harden dikabarkan akan kembali saat Sixers menjalani dua laga tandang pekan depan. Kemungkinan saat Sixers melawan Houston Rockets pada Senin (5/12). Setelah itu Sixers akan menjamu Los Angeles Lakers di Wells Fargo Center, Philadelphia pada Jumat (9/12).</div><div><br></div><div>Harden telah absen sejak 2 November lalu. Pemain berusia 33 tahun itu mengalami cedera tendon kaki kanan dan melewatkan 12 gim selama hampir sebulan. Selama sembilan gim sebelum absen, Harden memiliki rata-rata 22,0 poin, 10,0 asis, dan 7,0 rebund.</div><div><br></div><div>Demian Lillard</div><div><br></div><div>Blazers berjuang tanpa Lillard selama enam gim. Ia mengalami cedera betis keduanya pada musim ini. Cedera tersebut terjadi saat Blazers melawan Miami Heat. Lillard sendiri absen sejak 21 November.</div><div><br></div><div>Lillard ditargetkan bisa kembali lagi pada 4 Desember mendatang atau saat Blazers melawan Indiana Pacers di Moda Center, Portland, Oregon, AS. Kembalinya Lillard sangat dibutuhkan oleh Blazers. Tanpa All Star enam kali itu, Blazers menelan rekor 1-4. Selama musim ini rata-rata Lillard mencetak 26,3 poin dan tujuh asis per gim.</div><div><br></div><div>Khris Middleton</div><div><br></div><div>Middleton sudah absen sejak putaran pertama playoff musim lalu. Ia mengalami cedera lutut. Lalu menjalani operasi untuk perbaikan ligamen di pergelangan tangan kirinya. Awalnya Middleton diprediksi hanya melewatkan beberapa minggu pertama musim ini.</div><div><br></div><div>Tetapi pemulihannya membutuhkan waktu yang lebih lama. Dari laporan terbaru media-media AS, Middleton diperkirakan bisa menjalani debut saat Bucks melawan Lakers pada lusa di Fiserv Forum, Milwaukee, Wisconsin.</div><div><br></div><div>Middleton menyelesaikan musim lalu dengan rata-rata 20,1 poin, 5,4 rebound, dan 5,4 asis per gim. Ia memiliki akurasi 36,3 persen tripoin. Saat ini Bucks menduduki posisi kedua wilayah Timur di bawah Boston Celtics.</div>                          	\r\n                                      ', 'bask6.jpg', '2022-12-05'),
(39, 4, 'Semifinal Bola Voli Bupati Cup di Jombang Diwarnai Kericuhan Suporter', '<div>Jombang - Pertandingan semifinal bola voli Bupati Cup antar SMA sederajat di Jombang diwarnai kericuhan antarsuporter. Kericuhan dipicu saling ejek antarsuporter.</div><div>Pertandingan semifinal bola voli Bupati Cup mempertemukan tim SMK Dwija Bhakti (DB) melawan SMKN 3 Jombang di GOR Merdeka Jombang, Jalan Gus Dur sekitar pukul 12.00 WIB. Pertandingan dimenangkan tim SMKN 3 Jombang dengan skor 3-2.</div><div><br></div><div>Kericuhan terjadi setelah wasit menipu peluit tanda berakhirnya pertandingan. Sebagian pendukung kedua tim terlihat memasuki lapangan. Sebagian suporter melemparkan botol air mineral dari tribun ke arah para pemain di lapangan.</div><div><br></div><div>Panitia pertandingan bersama polisi pun turun tangan menenangkan suporter kedua tim. Sehingga baku hantam antar pendukung tidak sempat terjadi. Petugas lantas meminta para suporter keluar dari arena secara tertib.</div><div><br></div><div>\"Kericuhan berawal saling ejek antarsuporter dari SMK DB dan SMKN 3. Mungkin karena tim yang mereka dukung kalah, mereka kecewa dengan keadaan yang ada. Sebetulnya pertandingan di lapangan aman dan lancar,\" kata panitia pertandingan Agus Budi Hartono kepada wartawan di lokasi, Rabu (31/8/2022).</div><div><br></div><div>Agus menjelaskan jumlah penonton laga seminfinal Bupati Cup ini mencapai sekitar 3.500 orang. Setelah saling ejek antarsuporter, kericuhan berlanjut ke aksi pelemparan botol air mineral. Ia memastikan tidak sampai terjadi baku hantam antarpendukung.</div><div><br></div><div>\"Alhamdulillah Polres Jombang sudah mengamankan kondisi di lapangan sehingga kondusif. Fasilitas rusak hanya matras lantai lapangan voli, tapi bisa dipasang kembali,\" terang pria yang juga menjabat Wakil Ketua PBVSI Kabupaten Jombang ini.</div><div><br></div><div>Kapolres Jombang AKBP Moh Nurhidayat menuturkan pihaknya menerjunkan 50 personel untuk meredam kericuhan para penonton. Ia turun langsung ke lokasi pertandingan untuk melakukan peninjauan. Menurutnya, kericuhan siang tadi tidak sampai menimbulkan korban.</div><div><br></div><div>\"Terjadi gesekan antar suporter. Alhamdulillah bisa kami redam. Saya tinjau langsung sudah kondusif. Panitia sudah kami minta menjaga kondusivitas,\" jelasnya.</div><div><br></div><div>Untuk mencegah insiden serupa terulang, tambah Nurhidayat pertandingan semifinal berikutnya dipastikan tanpa penonton. Para pendukung baru diizinkan masuk ke tribun penonton pada pertandingan final malam nanti sekitar pukul 19.00 WIB. Pihaknya akan mengerahkan kekuatan penuh untuk menjaga keamanan pertandingan final.</div><div><br></div><div>\"Untuk pertandingan final malam nanti kami batasi jumlah penontonnya. Nanti kami kerahkan kekuatan penuh,\" tandasnya.</div>                          	\r\n                   ', 'vol1.jpeg', '2022-12-04');
INSERT INTO `table_artikel` (`id`, `id_kategori`, `judul`, `deskripsi`, `gambar`, `tanggal`) VALUES
(40, 4, '5 Manfaat Bola Voli, Yang Jarang Diketahui Masyarakat Luas ', '                          <div>Bola voli tergolong sebagai salah satu olahraga yang digemari banyak orang dan mudah dilakukan. Permainan ini hanya memerlukan bola besar dan jaring/net sebagai peralatannya. Satu tim berisikan 6 orang pemain.</div><div><br></div><div>Berikut 5 manfaat olahraga bola voli dikutip dari berbagai sumber:</div><div><br></div><div><b>1. Efektif membakar kalori</b></div><div>Bermain bola voli dapat memengaruhi jumlah lemak tubuh dan rasio otot secara keseluruhan. Bermain voli selama 45 menit ternyata membakar 585 kalori dan menurunkan berat badan secara siginifikan.</div><div><br></div><div>Olahraga ini juga berpotensi menurunkan risiko tekanan darah tinggi, penyakit jantung, dan diabetes.</div><div><br></div><div><b>2. Meningkatkan kekuatan otot</b></div><div>Kegiatan fisik dalam bermain bola voli akan memperkuat tubuh bagian atas, lengan dan bahu, serta otot paha dan kaki bagian bawah. Bermain bola voli juga dapat mengencangkan dan memperkuat sistem kardiovaskular di jantung serta sistem pernapasan.</div><div><br></div><div><b>3. Memengaruhi metabolisme tubuh</b></div><div>Olahraga voli memengaruhi laju metabolisme tubuh dan meningkatkan koordinasi tangan dan mata agar terjadi refleks gerak yang cepat. Sama seperti jenis aktivitas fisik lainnya, bola voli dapat meningkatkan kesehatan mental serta kesehatan tulang dan persendian.</div><div><br></div><div><b>4. Meningkatkan mood</b></div><div>Keberhasilan dalam bermain bola voli dapat meningkatkan suasana hati yang baik serta mengurangi tingkat stres. Kerja sama dalam sebuah tim juga meningkatkan rasa percaya diri untuk terus berusaha melakukan yang terbaik.</div><div><br></div><div><b>5. Melatih fisik lebih kuat</b></div><div>Energi yang dikeluarkan saat olahraga bola voli sama halnya saat kita sedang jogging. Bermain vola voli selama 20 menit sama dengan jogging sejauh 1,6 km.</div>                          	\r\n                                      ', 'vol2.jpeg', '2022-12-05'),
(41, 4, 'Upaya Produsen Alat Olahraga Jepang Memajukan Voli Indonesia', '<div>ASICS selama ini identik dengan olahraga atletik, khususnya lari. Tapi, produsen alat olahraga asal Jepang itu juga tertarik mengembangkan voli di Indonesia.</div><div>Jika berbicara ASICS, maka orang-orang di Indonesia pasti akan terpikir soal olahraga lari karena memang merk sepatu itu banyak dipakai saat ini. Setelah lari (atletik), tenis dan basket jadi cabang yang coba dijamah oleh ASICS sejak kehadirannya tahun lalu.</div><div><br></div><div>Kini ASICS juga ingin memperkenalkan diri di dunia olahraga voli lewat sepatu produksi mereka yang diklaim tak kalah bagusnya. ASIC Indonesia baru saja mengumumkan peluncuran sepatu voli terbarunya bernama Netburner Ballistic FF 3.</div><div><br></div><div>Sepatu ini ini dirancang khusus untuk pengguna yang gemar untuk bermain dengan irama tempo yang cepat. Netburner Ballistic FF 3 dilengkapi dengan teknologi khas Flytefoamtm Propel, Twistruss, serta kombinasi 3D Space Construction dan desain sol X-Guidance. Bentuk rangka tumitnya pun lebih tinggi dari produk sebelumnya.&nbsp;<span style=\"font-size: 1rem;\">Sepatu voli terbaru Netburner Ballistic FF 3 diperkenalkan di ASICS Voleyball Tournament 2022.</span></div><div><br></div><div>Teknologi ini membuat Netburner Ballistic FF 3 menjadi lebih fleksibel dan mendukung pantulan yang sangat baik pada saat digunakan.&nbsp;<span style=\"font-size: 1rem;\">Bahkan sebagai tanda ASICS serius menggarap pasar voli Indonesia, mereka juga menggandeng tiga atlet nasional yakni Rivan Nurmulki, Doni Haryono, dan Wilda Nurfadila.</span></div><div><br></div><div>\"Untuk Indonesia fokus ASICS setelah lari, ada tenis dan voli. Jadi voli termasuk prioritas juga setelah lari. Dulu pas masih dipegang distributor belum fokus ke voli. Sejak ada ASICS Indonesia sudah banyak produk tenis dan voli tersedia. Kita baru banyak masukin produk voli ke Indonesia tahun ini. Kita harus mengetahui input dari para pelaku voli. Salah satunya dengan mengadakan turnamen ini,\" tutur Marketing Manager ASICS Indonesia.</div><div><br></div><div>\"Line-up atlet voli ini kemungkinan akan ada tambahannya.\" Fajar menambahkan.</div><div><br></div><div>Selain meluncurkan sepatu voli, ASICS juga menggelar turnamen terbuka di GOR Pasar Minggu, Jakarta, 13-14 Agustus kemarin. Turnamen itu bertajuk Asics Volleyball Open Tournament 2022 yang baru diadakan pertama kali tahun ini.</div><div><br></div><div>Ada 21 tim amatir yang ikut serta dalam turnamen yang dibagi dua kategori, putra dan putri. Bahkan ada juga tim dari Maluku yang rela datang jauh-jauh karena ingin memanaskan tangan dan kaki, setelah ajang-ajang serupa \"mati suri\" sejak pandemi COVID-19.</div><div><br></div><div>Di sektor putra, JVC (Jakarta Volley Club) jadi juara setelah mengalahkan Bravo di partai final. Maluku PBU finis sebagai peringkat ketiga mengungguli M2GP.</div><div><br></div><div>Adapun di sektor putri, gelar juara diraih Bharata Muda setelah menekuk Bravo di final. Bravo pun harus puas dengan gelar runner-up di kedua sektor. Peringkat ketiga adalah Tim Satria Muda.</div><div><br></div><div>Turnamen ini memang baru diadakan tahun ini, namun sambutannya begitu meriah dari penonton dan khususnya atlet. Sebab mereka sudah rindu berkompetisi dan ajang semacam ini bisa mengasah kemampuan agar semakin dekat dengan mimpin jadi pevoli nasional.</div><div><br></div><div>\"Alhamdulillah kalau ada pertandingan kaya gini lagi. Sudah lama tidak ada event bola voli. Sekarang ada turnamen kaya gini senang bisa buat nambah pengalaman\" ujar Shakira.</div><div><br></div><div>Shakira Dwi Kurnia (kiri) jadi pevoli putri muda terbaik ASICS Voleyball Open Tournament 2022.</div><div><br></div><div>\"Menurut saya diadakannya turnamen ini membantu mendukung dan memasyarakatkan pembinaan voli di Jakarta. Dalam beberapa tahun banyak turnamen voli kena cancel karena Covid-19. Banyak klub-klub yang bermunculan saat turnamen ini,\" tutur pelatih JVC Catur Yogo Septiyanto.</div><div><br></div><div>Hasil ASICS Voleyball Open Tournament 2022</div><div><br></div><div>KATEGORI PRIA</div><div><br></div><div>- Juara I: JVC</div><div>- Runner-up: BRAVO</div><div>- Peringkat III: MALUKU PBU</div><div>- Peringkat IV: M2GP</div><div><br></div><div>KATEGORI WANITA</div><div><br></div><div>- Juara I: BHARATA MUDA</div><div>- Runner-up: BRAVO</div><div>- Peringkat III: SATRIA MUDA</div><div>- Peringkat IV: VOCUS</div><div><br></div><div>- BEST PLAYER UMUM PUTRA: Boni Eswanto (BRAVO)</div><div>- BEST PLAYER U-21 PUTRA: Fafa Idza (JVC)</div><div><br></div><div>- BEST PLAYER UMUM PUTRI: Tasya Nur Rochmani (Bharata Muda)</div><div>- BEST PLAYER U-21 PUTRI: Shakira Dwi (Bharata Muda)</div>                          	\r\n                   ', 'vol3.jpeg', '2022-12-04'),
(42, 4, 'Jeff Jiang Jie Latih Timnas Voli Putra Usai Bawa LavAni Juara Proliga', '<div>Pengurus Pusat Persatuan Bola Voli Seluruh Indonesia (PP PBVSI) menunjuk Jeff Jiang Jie untuk menahkodai Timnas Voli Putra di SEA Games dan Asian Games 2022. Sebelum ini pelatih asal China itu membawa Bogor LavAni juara Proliga.</div><div>Ketua Bidang Pembinaan dan Prestasi PP PBVSI Heyzer Harsono, yang menyampaikan informasi tersebut. Ia menyebut Jeff akan mulai melatih Timnas Voli Putra Indonesia mulai 1 April.</div><div><br></div><div>\"Dia (Jeff Jiang) akan resmi melatih mulai 1 April 2022, dia dikontrak selama enam bulan hingga September,\" kata Heyzer dalam rilis PBVSI, Rabu (30/3/2022).</div><div><br></div><div>Tak hanya untuk SEA Games, Jiang juga berpeluang mengarsiteki Timnas untuk multievent level Asia, Asian Games pada 10-25 September di Hangzhou, China.</div><div><br></div><div>\"Jika (Timnas putra Indonesia) berangkat ke Asian Games, dia juga yang akan melatih,\" lanjutnya.</div><div><br></div><div>Bagi Jiang, voli Indonesia bukanlah hal yang asing. Ia tercatat pernah memimpin tim Proliga Bandung Artdeo Bank Jabar dan Jakarta Bank DKI pada 2005 dan 2006. Terbaru, ia sukses mengantarkan Bogor LavAni, tim debutan Proliga milik Presiden Indonesia ke-6 Susilo Bambang Yudhoyono, menjadi juara Proliga 2022.</div><div><br></div><div>Selain menunjuk pelatih, PP PBVSI juga telah memanggil 14 pemain untuk masuk Timnas SEA Games di Vietnam, 12-23 Mei.</div><div><br></div><div>Berikut daftar nama atlet dan ofisial Pelatnas Voli SEA Games:</div><div>1. Dio Zulfikri (DKI Jakarta)</div><div>2. M Malizi (Jawa Barat)</div><div>3. Dimas Saputra (Jawa Barat)</div><div>4. Farhan Halim (Jawa Barat)</div><div>5. Irpan (Jawa Barat)</div><div>6. Mauluddani Daffa Naufal (Jawa Barat)</div><div>7. Doni Haryono (Jawa Tengah)</div><div>8. Fahri S Putratama (DI Yogyakarta)</div><div>9. Fahreza R Abhinaya (Jawa Timur)</div><div>10. Rivan Nulmulki (Jawa Timur)</div><div>11. Hernanda Zulfi (Jawa Timur)</div><div>12. Yudha M. Putra (Jawa Timur)</div><div>13. Nizar Julfikar (Jawa Timur)</div><div>14. Rendy F Tamamilang (Jawa Timur)</div><div><br></div><div>Pelatih</div><div><br></div><div>1. Jeff Jiang Jie (China) - Pelatih</div><div>2. Sigit Ari Widodo (Jawa Timur) - Asisten Pelatih</div><div>3. Indra Wahyudi (DKI Jakarta) - Asisten Pelatih</div><div>4. Roy Nanlohy (Jawa Barat) - Trainer</div><div>5. Robby Sudrajat (Jawa Barat) - Pelatih Fisik</div>                          	\r\n                   ', 'vol4.jpeg', '2022-12-04'),
(43, 4, 'Jaring Atlet Berprestasi, Polres Jombang Gelar Turnamen Voli', '                                                    <div>Sebanyak 42 tim bola voli dari 21 kecamatan di Kota Santri bertarung di kejuaraan bola voli Kapolres Jombang Cup 2022. Turnamen bola voli ini digelar untuk menjaring atlet-atlet berprestasi.</div><div>Kejuaraaan bola voli Kapolres Cup 2022 digelar 16 November - 6 Desember 2022 di GOR Merdeka Jombang. Turnamen bola voli antar kecamatan ini diikuti 42 tim yang mewakili 21 kecamatan di Kota Santri. Masing-masing kecamatan mengeluarkan 2 tim, yaitu satu tim putra dan satu putri.</div><div><br></div><div>Kapolres Jombang AKBP Moh Nurhidayat mengatakan, selaku Ketua Persatuan Bola Voli Seluruh Indonesia (PBVSI) Jombang, ia mempunyai kewajiban mencetak bibit atlet yang unggul. Kejuaraan bola voli yang ia gelar tersebut merupakan salah satu upaya untuk menunaikan kewajiban itu.</div><div><br></div><div>Oleh karena itu, ia berharap mendapatkan atlet berprestasi dari kejuaraan bola voli Kapolres Cup Jombang 2022 ini. Tim yang menang dalam laga ini, selanjutnya akan dipersiapkan untuk menghadapi Kejurprov Jatim.</div><div><br></div><div>\"Kami mempunyai visi misi untuk mengembangkan atlet-atlet berbakat di Kabupaten Jombang. Sehingga ke depannya menyongsong Kejurprov Jatim, harapan kami nanti yang berprestasi akan mewakili dan membanggakan Jombang,\" kata Nurhidayat saat membuka Kejuaraan Bola Voli Kapolres Cup Jombang 2022, Rabu (16/11/2022).</div><div><br></div><div>Tidak hanya itu, kejuaraan bola voli antar kecamatan ini digelar dengan tujuan membangun kekompakan antar tiga pilar Kamtibmas di tingkat kecamatan. \"Ini kami adakan antar kecamatan dalam arti ingin membangun sinergitas, kekompakan dan kesolidan dari tiga pilar kamtibmas di level kecamatan,\" terangnya.</div><div><br></div><div>Dikatakan Nurhidayat, pihaknya akan membatasi jumlah penonton untuk menjaga keamanan dan ketertiban selama pertandingan. Ia juga berpesan agar para suporter berpartisipasi menjaga keamanan. Sedangkan para pemain diminta selalu menjaga sportivitas.</div><div><br></div><div>\"Apapun yang terjadi, kita harus siap untuk menang dan siap untuk kalah. Ini harapan kita bersama bahwa Jombang bisa berjalan dengan damai dan aman,\" tandasnya.</div>                          	\r\n                                                         ', 'vol5.jpeg', '2022-12-05'),
(44, 4, 'Tim Voli Duduk Putri Indonesia Raih Emas ASEAN Para Games 2022', '                          <div>Luar biasa penampilan tim bola voli duduk putri Indonesia. Mereka berhasil meraih medali emas setelah menang telak 3-0 atas Thailand pada laga final ASEAN Para Games (APG) 2022 Solo, di GOR UTP Karanganyar, Kamis (4/8/2022).</div><div><br></div><div> Bertanding di rumah sendiri, tim voli duduk putri Indonesia tampil penuh percaya diri. Apalagi dukungan dari penonton yang memenuhi stadion tak henti-hentinya memberikan dukungan kepada Diah Dwiyanti dan kawan-kawan. </div><div><br></div><div>Pada set pertama, tim Indonesia langsung memberikan kejutan dengan unggul cukup jauh. Serangan dari Anissa Tindy Lestary bahkan membuat pemain Thailand kocar-kacir. Akhirnya tim tuan rumah mampu menang dengan skor 25-15.</div><div><br></div><div> Memasuki set kedua, tim Indonesia lebih dominan membuat lawan tertinggal jauh 1-5. Lagi-lagi Anissa Tindy Lestary menjadi bintang. Selain melalui smes keras, pemain yang akrab dipanggil Icha ini juga jago dalam melakukan servis keras. </div><div><br></div><div>Poin demi poin terus diraih dan membuat penonton lebih gemuruh termasuk dukungan dari anak-anak terus yang menggema hingga laga set kedua berakhir dengan skor 25-10. Pada set ketiga atau penentuan, anak asuh Andri Asrul Setiyawan bermain lebih tenang meski lawan mampu memberikan perlawanan. Bahkan mampu membuat kedudukan 3-3. Namun, setelah itu tim Indonesia langsung menggebrak dan meninggalkan lawan.</div><div><br></div><div><div>Serangan demi serangan terus dilakukan dan membuat penonton lebih riuh lagi dalam memberikan dukungan. Akhirnya tim Indonesia sukses mengakhiri laga dengan 25-6. Emas bisa diraih dan medali perak diberikan kepada Thailand, sedangkan perunggu untuk Kamboja.</div><div><br></div><div>\"Alhamdulillah apa yang ditargetkan bisa tercapai. Latihan keras yang selama ini kami lakukan bisa membuahkan hasil. Ini buah dari kerja sama yang kami lakukan,\" kata salah satu pemain tim Indonesia, Diah Dwiyanti. Pemain asal Bandung itu mengaku prestasi yang diraih di ASEAN Para Games 2022 akan dijadikan penyemangat dan motivasi untuk meraih prestasi di level yang lebih tinggi. </div><div><br></div><div>Apalagi peluang untuk mendapatkannya cukup terbuka. Sementara itu, pelatih tim voli duduk putri Indonesia Andri Asrul Setiyawan mengaku cukup bangga karena target emas yang dicanangkan mampu dipenuhi meski perjalanan untuk mencapainya membutuhkan perjuangan. \"Voli duduk kan berbeda meski secara permainan sama dengan pada umumnya. </div><div><br></div><div>Komunikasi antar pemain sangat menentukan. Yang jelas kami ucapkan terima kasih atas dukungan masyarakat Indonesia,\" katanya usai pertandingan. Terkait strategi saat menghadapi Thailand di final, Andri Asrul Setiyawan menjelaskan bahkan dirinya hanya menginstruksikan ke pemain untuk mewaspadai bola langsung dari lawan. Strategi yang diminta ternyata mampu dilaksanakan dengan baik oleh Dina Rulina dan kawan-kawan.</div></div>                          	\r\n                                      ', 'vol6.jpg', '2022-12-05');

-- --------------------------------------------------------

--
-- Table structure for table `table_kategori`
--

CREATE TABLE `table_kategori` (
  `id` int(11) NOT NULL,
  `nama_kategori` varchar(255) NOT NULL
) ENGINE=InnoDB DEFAULT CHARSET=latin1;

--
-- Dumping data for table `table_kategori`
--

INSERT INTO `table_kategori` (`id`, `nama_kategori`) VALUES
(1, 'Sepakbola'),
(2, 'Basket'),
(3, 'Bulutangkis'),
(4, 'Voli');

-- --------------------------------------------------------

--
-- Table structure for table `table_komentar`
--

CREATE TABLE `table_komentar` (
  `id` int(11) NOT NULL,
  `id_artikel` int(11) NOT NULL,
  `isi` text NOT NULL,
  `nama_user` varchar(50) NOT NULL,
  `tanggal` date NOT NULL
) ENGINE=InnoDB DEFAULT CHARSET=utf8mb4;

--
-- Dumping data for table `table_komentar`
--

INSERT INTO `table_komentar` (`id`, `id_artikel`, `isi`, `nama_user`, `tanggal`) VALUES
(8, 40, 'bakso', 'wahyu', '2022-12-06'),
(11, 40, 'mantap bang', 'Ouroo', '2022-12-06');

-- --------------------------------------------------------

--
-- Table structure for table `table_login`
--

CREATE TABLE `table_login` (
  `username` varchar(25) NOT NULL,
  `password` varchar(30) NOT NULL
) ENGINE=InnoDB DEFAULT CHARSET=latin1;

--
-- Dumping data for table `table_login`
--

INSERT INTO `table_login` (`username`, `password`) VALUES
('admin', '32112345');

--
-- Indexes for dumped tables
--

--
-- Indexes for table `table_artikel`
--
ALTER TABLE `table_artikel`
  ADD PRIMARY KEY (`id`);

--
-- Indexes for table `table_kategori`
--
ALTER TABLE `table_kategori`
  ADD PRIMARY KEY (`id`);

--
-- Indexes for table `table_komentar`
--
ALTER TABLE `table_komentar`
  ADD PRIMARY KEY (`id`);

--
-- Indexes for table `table_login`
--
ALTER TABLE `table_login`
  ADD PRIMARY KEY (`username`);

--
-- AUTO_INCREMENT for dumped tables
--

--
-- AUTO_INCREMENT for table `table_artikel`
--
ALTER TABLE `table_artikel`
  MODIFY `id` int(11) NOT NULL AUTO_INCREMENT, AUTO_INCREMENT=45;

--
-- AUTO_INCREMENT for table `table_kategori`
--
ALTER TABLE `table_kategori`
  MODIFY `id` int(11) NOT NULL AUTO_INCREMENT, AUTO_INCREMENT=9;

--
-- AUTO_INCREMENT for table `table_komentar`
--
ALTER TABLE `table_komentar`
  MODIFY `id` int(11) NOT NULL AUTO_INCREMENT, AUTO_INCREMENT=12;
COMMIT;

/*!40101 SET CHARACTER_SET_CLIENT=@OLD_CHARACTER_SET_CLIENT */;
/*!40101 SET CHARACTER_SET_RESULTS=@OLD_CHARACTER_SET_RESULTS */;
/*!40101 SET COLLATION_CONNECTION=@OLD_COLLATION_CONNECTION */;
